{
   "name": "Atlanta",
   "name": "Boston",
   "name": "Calgary",
   "name": "Charleston",
   "name": "Chicago",
   "name": "Dallas",
   "name": "Denver",
   "name":  "Duluth",
   "name": "El Paso",
   "name":  "Helena",
   "name": "Houston",
   "name": "Kansas City",
   "name": "Las Vegas",
   "name": "Little Rock",
   "name": "Los Angeles",
   "name": "Miami",
   "name": "Montreal",
   "name": "Nashville",
   "name": "New Orleans",
   "name": "New York",
   "name": "Oklahoma City",
   "name": "Omaha",
   "name": "Phoenix",
   "name": "Pittsburgh",
   "name": "Portland",
   "name": "Raleigh",
   "name": "Saint Louis",
   "name": "Salt Lake City",
   "name": "San Francisco",
   "name": "Sault Ste. Marie",
   "name": "Santa Fe",
   "name": "Seattle",
   "name": "Toronto",
   "name": "Vancouver",
   "name": "Washington",
   "name": "Winnipeg"
}
